epoch,lr,train_loss,val_mae,val_rmse
1,1e-05,85.31426191329956,25743.64873046875,28324.55682265832
2,3.2500000000000004e-05,3188.6855529785157,19197.58193359375,19748.98632335341
